project,exp_ID,linegroup,Experimenter,Experiment description,Date,Device,Temperature,Shaking,CO2,species,carbon_source,cs_conc,base_media,inhibitor,inhibitor_conc,comments
2510_succinate_glucose,2510_succinate_glucose_251018_glucose,2510_succinate_glucose_251018_glucose_B10,Eric,Screening for diauxic shift from glucose to lactose,18.10.25,Biotek H1,28,Y,N,At+Oa,Glucose,45.0,M9,,0,
2510_succinate_glucose,2510_succinate_glucose_251018_glucose,2510_succinate_glucose_251018_glucose_B2,Eric,Screening for diauxic shift from glucose to lactose,18.10.25,Biotek H1,28,Y,N,At,Glucose,45.0,M9,,0,
2510_succinate_glucose,2510_succinate_glucose_251018_glucose,2510_succinate_glucose_251018_glucose_B3,Eric,Screening for diauxic shift from glucose to lactose,18.10.25,Biotek H1,28,Y,N,At,Glucose,45.0,M9,,0,
2510_succinate_glucose,2510_succinate_glucose_251018_glucose,2510_succinate_glucose_251018_glucose_B4,Eric,Screening for diauxic shift from glucose to lactose,18.10.25,Biotek H1,28,Y,N,At,Glucose,45.0,M9,,0,
2510_succinate_glucose,2510_succinate_glucose_251018_glucose,2510_succinate_glucose_251018_glucose_B5,Eric,Screening for diauxic shift from glucose to lactose,18.10.25,Biotek H1,28,Y,N,Oa,Glucose,45.0,M9,,0,
2510_succinate_glucose,2510_succinate_glucose_251018_glucose,2510_succinate_glucose_251018_glucose_B6,Eric,Screening for diauxic shift from glucose to lactose,18.10.25,Biotek H1,28,Y,N,Oa,Glucose,45.0,M9,,0,
2510_succinate_glucose,2510_succinate_glucose_251018_glucose,2510_succinate_glucose_251018_glucose_B7,Eric,Screening for diauxic shift from glucose to lactose,18.10.25,Biotek H1,28,Y,N,Oa,Glucose,45.0,M9,,0,
2510_succinate_glucose,2510_succinate_glucose_251018_glucose,2510_succinate_glucose_251018_glucose_B8,Eric,Screening for diauxic shift from glucose to lactose,18.10.25,Biotek H1,28,Y,N,At+Oa,Glucose,45.0,M9,,0,
2510_succinate_glucose,2510_succinate_glucose_251018_glucose,2510_succinate_glucose_251018_glucose_B9,Eric,Screening for diauxic shift from glucose to lactose,18.10.25,Biotek H1,28,Y,N,At+Oa,Glucose,45.0,M9,,0,
2510_succinate_glucose,2510_succinate_glucose_251018_glucose,2510_succinate_glucose_251018_glucose_C10,Eric,Screening for diauxic shift from glucose to lactose,18.10.25,Biotek H1,28,Y,N,At+Oa,Glucose,30.0,M9,,0,
2510_succinate_glucose,2510_succinate_glucose_251018_glucose,2510_succinate_glucose_251018_glucose_C2,Eric,Screening for diauxic shift from glucose to lactose,18.10.25,Biotek H1,28,Y,N,At,Glucose,30.0,M9,,0,
2510_succinate_glucose,2510_succinate_glucose_251018_glucose,2510_succinate_glucose_251018_glucose_C3,Eric,Screening for diauxic shift from glucose to lactose,18.10.25,Biotek H1,28,Y,N,At,Glucose,30.0,M9,,0,
2510_succinate_glucose,2510_succinate_glucose_251018_glucose,2510_succinate_glucose_251018_glucose_C4,Eric,Screening for diauxic shift from glucose to lactose,18.10.25,Biotek H1,28,Y,N,At,Glucose,30.0,M9,,0,
2510_succinate_glucose,2510_succinate_glucose_251018_glucose,2510_succinate_glucose_251018_glucose_C5,Eric,Screening for diauxic shift from glucose to lactose,18.10.25,Biotek H1,28,Y,N,Oa,Glucose,30.0,M9,,0,
2510_succinate_glucose,2510_succinate_glucose_251018_glucose,2510_succinate_glucose_251018_glucose_C6,Eric,Screening for diauxic shift from glucose to lactose,18.10.25,Biotek H1,28,Y,N,Oa,Glucose,30.0,M9,,0,
2510_succinate_glucose,2510_succinate_glucose_251018_glucose,2510_succinate_glucose_251018_glucose_C7,Eric,Screening for diauxic shift from glucose to lactose,18.10.25,Biotek H1,28,Y,N,Oa,Glucose,30.0,M9,,0,
2510_succinate_glucose,2510_succinate_glucose_251018_glucose,2510_succinate_glucose_251018_glucose_C8,Eric,Screening for diauxic shift from glucose to lactose,18.10.25,Biotek H1,28,Y,N,At+Oa,Glucose,30.0,M9,,0,
2510_succinate_glucose,2510_succinate_glucose_251018_glucose,2510_succinate_glucose_251018_glucose_C9,Eric,Screening for diauxic shift from glucose to lactose,18.10.25,Biotek H1,28,Y,N,At+Oa,Glucose,30.0,M9,,0,
2510_succinate_glucose,2510_succinate_glucose_251018_glucose,2510_succinate_glucose_251018_glucose_D10,Eric,Screening for diauxic shift from glucose to lactose,18.10.25,Biotek H1,28,Y,N,At+Oa,Glucose,15.0,M9,,0,
2510_succinate_glucose,2510_succinate_glucose_251018_glucose,2510_succinate_glucose_251018_glucose_D2,Eric,Screening for diauxic shift from glucose to lactose,18.10.25,Biotek H1,28,Y,N,At,Glucose,15.0,M9,,0,
2510_succinate_glucose,2510_succinate_glucose_251018_glucose,2510_succinate_glucose_251018_glucose_D3,Eric,Screening for diauxic shift from glucose to lactose,18.10.25,Biotek H1,28,Y,N,At,Glucose,15.0,M9,,0,
2510_succinate_glucose,2510_succinate_glucose_251018_glucose,2510_succinate_glucose_251018_glucose_D4,Eric,Screening for diauxic shift from glucose to lactose,18.10.25,Biotek H1,28,Y,N,At,Glucose,15.0,M9,,0,
2510_succinate_glucose,2510_succinate_glucose_251018_glucose,2510_succinate_glucose_251018_glucose_D5,Eric,Screening for diauxic shift from glucose to lactose,18.10.25,Biotek H1,28,Y,N,Oa,Glucose,15.0,M9,,0,
2510_succinate_glucose,2510_succinate_glucose_251018_glucose,2510_succinate_glucose_251018_glucose_D6,Eric,Screening for diauxic shift from glucose to lactose,18.10.25,Biotek H1,28,Y,N,Oa,Glucose,15.0,M9,,0,
2510_succinate_glucose,2510_succinate_glucose_251018_glucose,2510_succinate_glucose_251018_glucose_D7,Eric,Screening for diauxic shift from glucose to lactose,18.10.25,Biotek H1,28,Y,N,Oa,Glucose,15.0,M9,,0,
2510_succinate_glucose,2510_succinate_glucose_251018_glucose,2510_succinate_glucose_251018_glucose_D8,Eric,Screening for diauxic shift from glucose to lactose,18.10.25,Biotek H1,28,Y,N,At+Oa,Glucose,15.0,M9,,0,
2510_succinate_glucose,2510_succinate_glucose_251018_glucose,2510_succinate_glucose_251018_glucose_D9,Eric,Screening for diauxic shift from glucose to lactose,18.10.25,Biotek H1,28,Y,N,At+Oa,Glucose,15.0,M9,,0,
2510_succinate_glucose,2510_succinate_glucose_251018_glucose,2510_succinate_glucose_251018_glucose_E10,Eric,Screening for diauxic shift from glucose to lactose,18.10.25,Biotek H1,28,Y,N,At+Oa,Glucose,7.5,M9,,0,
2510_succinate_glucose,2510_succinate_glucose_251018_glucose,2510_succinate_glucose_251018_glucose_E2,Eric,Screening for diauxic shift from glucose to lactose,18.10.25,Biotek H1,28,Y,N,At,Glucose,7.5,M9,,0,
2510_succinate_glucose,2510_succinate_glucose_251018_glucose,2510_succinate_glucose_251018_glucose_E3,Eric,Screening for diauxic shift from glucose to lactose,18.10.25,Biotek H1,28,Y,N,At,Glucose,7.5,M9,,0,
2510_succinate_glucose,2510_succinate_glucose_251018_glucose,2510_succinate_glucose_251018_glucose_E4,Eric,Screening for diauxic shift from glucose to lactose,18.10.25,Biotek H1,28,Y,N,At,Glucose,7.5,M9,,0,
2510_succinate_glucose,2510_succinate_glucose_251018_glucose,2510_succinate_glucose_251018_glucose_E5,Eric,Screening for diauxic shift from glucose to lactose,18.10.25,Biotek H1,28,Y,N,Oa,Glucose,7.5,M9,,0,
2510_succinate_glucose,2510_succinate_glucose_251018_glucose,2510_succinate_glucose_251018_glucose_E6,Eric,Screening for diauxic shift from glucose to lactose,18.10.25,Biotek H1,28,Y,N,Oa,Glucose,7.5,M9,,0,
2510_succinate_glucose,2510_succinate_glucose_251018_glucose,2510_succinate_glucose_251018_glucose_E7,Eric,Screening for diauxic shift from glucose to lactose,18.10.25,Biotek H1,28,Y,N,Oa,Glucose,7.5,M9,,0,
2510_succinate_glucose,2510_succinate_glucose_251018_glucose,2510_succinate_glucose_251018_glucose_E8,Eric,Screening for diauxic shift from glucose to lactose,18.10.25,Biotek H1,28,Y,N,At+Oa,Glucose,7.5,M9,,0,
2510_succinate_glucose,2510_succinate_glucose_251018_glucose,2510_succinate_glucose_251018_glucose_E9,Eric,Screening for diauxic shift from glucose to lactose,18.10.25,Biotek H1,28,Y,N,At+Oa,Glucose,7.5,M9,,0,
2510_succinate_glucose,2510_succinate_glucose_251018_glucose,2510_succinate_glucose_251018_glucose_F10,Eric,Screening for diauxic shift from glucose to lactose,18.10.25,Biotek H1,28,Y,N,At+Oa,Glucose,5.0,M9,,0,
2510_succinate_glucose,2510_succinate_glucose_251018_glucose,2510_succinate_glucose_251018_glucose_F2,Eric,Screening for diauxic shift from glucose to lactose,18.10.25,Biotek H1,28,Y,N,At,Glucose,5.0,M9,,0,
2510_succinate_glucose,2510_succinate_glucose_251018_glucose,2510_succinate_glucose_251018_glucose_F3,Eric,Screening for diauxic shift from glucose to lactose,18.10.25,Biotek H1,28,Y,N,At,Glucose,5.0,M9,,0,
2510_succinate_glucose,2510_succinate_glucose_251018_glucose,2510_succinate_glucose_251018_glucose_F4,Eric,Screening for diauxic shift from glucose to lactose,18.10.25,Biotek H1,28,Y,N,At,Glucose,5.0,M9,,0,
2510_succinate_glucose,2510_succinate_glucose_251018_glucose,2510_succinate_glucose_251018_glucose_F5,Eric,Screening for diauxic shift from glucose to lactose,18.10.25,Biotek H1,28,Y,N,Oa,Glucose,5.0,M9,,0,
2510_succinate_glucose,2510_succinate_glucose_251018_glucose,2510_succinate_glucose_251018_glucose_F6,Eric,Screening for diauxic shift from glucose to lactose,18.10.25,Biotek H1,28,Y,N,Oa,Glucose,5.0,M9,,0,
2510_succinate_glucose,2510_succinate_glucose_251018_glucose,2510_succinate_glucose_251018_glucose_F7,Eric,Screening for diauxic shift from glucose to lactose,18.10.25,Biotek H1,28,Y,N,Oa,Glucose,5.0,M9,,0,
2510_succinate_glucose,2510_succinate_glucose_251018_glucose,2510_succinate_glucose_251018_glucose_F8,Eric,Screening for diauxic shift from glucose to lactose,18.10.25,Biotek H1,28,Y,N,At+Oa,Glucose,5.0,M9,,0,
2510_succinate_glucose,2510_succinate_glucose_251018_glucose,2510_succinate_glucose_251018_glucose_F9,Eric,Screening for diauxic shift from glucose to lactose,18.10.25,Biotek H1,28,Y,N,At+Oa,Glucose,5.0,M9,,0,
2510_succinate_glucose,2510_succinate_glucose_251018_glucose,2510_succinate_glucose_251018_glucose_G10,Eric,Screening for diauxic shift from glucose to lactose,18.10.25,Biotek H1,28,Y,N,At+Oa,Glucose,2.5,M9,,0,
2510_succinate_glucose,2510_succinate_glucose_251018_glucose,2510_succinate_glucose_251018_glucose_G2,Eric,Screening for diauxic shift from glucose to lactose,18.10.25,Biotek H1,28,Y,N,At,Glucose,2.5,M9,,0,
2510_succinate_glucose,2510_succinate_glucose_251018_glucose,2510_succinate_glucose_251018_glucose_G3,Eric,Screening for diauxic shift from glucose to lactose,18.10.25,Biotek H1,28,Y,N,At,Glucose,2.5,M9,,0,
2510_succinate_glucose,2510_succinate_glucose_251018_glucose,2510_succinate_glucose_251018_glucose_G4,Eric,Screening for diauxic shift from glucose to lactose,18.10.25,Biotek H1,28,Y,N,At,Glucose,2.5,M9,,0,
2510_succinate_glucose,2510_succinate_glucose_251018_glucose,2510_succinate_glucose_251018_glucose_G5,Eric,Screening for diauxic shift from glucose to lactose,18.10.25,Biotek H1,28,Y,N,Oa,Glucose,2.5,M9,,0,
2510_succinate_glucose,2510_succinate_glucose_251018_glucose,2510_succinate_glucose_251018_glucose_G6,Eric,Screening for diauxic shift from glucose to lactose,18.10.25,Biotek H1,28,Y,N,Oa,Glucose,2.5,M9,,0,
2510_succinate_glucose,2510_succinate_glucose_251018_glucose,2510_succinate_glucose_251018_glucose_G7,Eric,Screening for diauxic shift from glucose to lactose,18.10.25,Biotek H1,28,Y,N,Oa,Glucose,2.5,M9,,0,
2510_succinate_glucose,2510_succinate_glucose_251018_glucose,2510_succinate_glucose_251018_glucose_G8,Eric,Screening for diauxic shift from glucose to lactose,18.10.25,Biotek H1,28,Y,N,At+Oa,Glucose,2.5,M9,,0,
2510_succinate_glucose,2510_succinate_glucose_251018_glucose,2510_succinate_glucose_251018_glucose_G9,Eric,Screening for diauxic shift from glucose to lactose,18.10.25,Biotek H1,28,Y,N,At+Oa,Glucose,2.5,M9,,0,
2510_succinate_glucose,2510_succinate_glucose_251018_succinate,2510_succinate_glucose_251018_succinate_B10,Eric,Screening for diauxic shift from glucose to lactose,18.10.25,Biotek H1,28,Y,N,At+Oa,Succinate,45.0,M9,,0,
2510_succinate_glucose,2510_succinate_glucose_251018_succinate,2510_succinate_glucose_251018_succinate_B2,Eric,Screening for diauxic shift from glucose to lactose,18.10.25,Biotek H1,28,Y,N,At,Succinate,45.0,M9,,0,
2510_succinate_glucose,2510_succinate_glucose_251018_succinate,2510_succinate_glucose_251018_succinate_B3,Eric,Screening for diauxic shift from glucose to lactose,18.10.25,Biotek H1,28,Y,N,At,Succinate,45.0,M9,,0,
2510_succinate_glucose,2510_succinate_glucose_251018_succinate,2510_succinate_glucose_251018_succinate_B4,Eric,Screening for diauxic shift from glucose to lactose,18.10.25,Biotek H1,28,Y,N,At,Succinate,45.0,M9,,0,
2510_succinate_glucose,2510_succinate_glucose_251018_succinate,2510_succinate_glucose_251018_succinate_B5,Eric,Screening for diauxic shift from glucose to lactose,18.10.25,Biotek H1,28,Y,N,Oa,Succinate,45.0,M9,,0,
2510_succinate_glucose,2510_succinate_glucose_251018_succinate,2510_succinate_glucose_251018_succinate_B6,Eric,Screening for diauxic shift from glucose to lactose,18.10.25,Biotek H1,28,Y,N,Oa,Succinate,45.0,M9,,0,
2510_succinate_glucose,2510_succinate_glucose_251018_succinate,2510_succinate_glucose_251018_succinate_B7,Eric,Screening for diauxic shift from glucose to lactose,18.10.25,Biotek H1,28,Y,N,Oa,Succinate,45.0,M9,,0,
2510_succinate_glucose,2510_succinate_glucose_251018_succinate,2510_succinate_glucose_251018_succinate_B8,Eric,Screening for diauxic shift from glucose to lactose,18.10.25,Biotek H1,28,Y,N,At+Oa,Succinate,45.0,M9,,0,
2510_succinate_glucose,2510_succinate_glucose_251018_succinate,2510_succinate_glucose_251018_succinate_B9,Eric,Screening for diauxic shift from glucose to lactose,18.10.25,Biotek H1,28,Y,N,At+Oa,Succinate,45.0,M9,,0,
2510_succinate_glucose,2510_succinate_glucose_251018_succinate,2510_succinate_glucose_251018_succinate_C10,Eric,Screening for diauxic shift from glucose to lactose,18.10.25,Biotek H1,28,Y,N,At+Oa,Succinate,30.0,M9,,0,
2510_succinate_glucose,2510_succinate_glucose_251018_succinate,2510_succinate_glucose_251018_succinate_C2,Eric,Screening for diauxic shift from glucose to lactose,18.10.25,Biotek H1,28,Y,N,At,Succinate,30.0,M9,,0,
2510_succinate_glucose,2510_succinate_glucose_251018_succinate,2510_succinate_glucose_251018_succinate_C3,Eric,Screening for diauxic shift from glucose to lactose,18.10.25,Biotek H1,28,Y,N,At,Succinate,30.0,M9,,0,
2510_succinate_glucose,2510_succinate_glucose_251018_succinate,2510_succinate_glucose_251018_succinate_C4,Eric,Screening for diauxic shift from glucose to lactose,18.10.25,Biotek H1,28,Y,N,At,Succinate,30.0,M9,,0,
2510_succinate_glucose,2510_succinate_glucose_251018_succinate,2510_succinate_glucose_251018_succinate_C5,Eric,Screening for diauxic shift from glucose to lactose,18.10.25,Biotek H1,28,Y,N,Oa,Succinate,30.0,M9,,0,
2510_succinate_glucose,2510_succinate_glucose_251018_succinate,2510_succinate_glucose_251018_succinate_C6,Eric,Screening for diauxic shift from glucose to lactose,18.10.25,Biotek H1,28,Y,N,Oa,Succinate,30.0,M9,,0,
2510_succinate_glucose,2510_succinate_glucose_251018_succinate,2510_succinate_glucose_251018_succinate_C7,Eric,Screening for diauxic shift from glucose to lactose,18.10.25,Biotek H1,28,Y,N,Oa,Succinate,30.0,M9,,0,
2510_succinate_glucose,2510_succinate_glucose_251018_succinate,2510_succinate_glucose_251018_succinate_C8,Eric,Screening for diauxic shift from glucose to lactose,18.10.25,Biotek H1,28,Y,N,At+Oa,Succinate,30.0,M9,,0,
2510_succinate_glucose,2510_succinate_glucose_251018_succinate,2510_succinate_glucose_251018_succinate_C9,Eric,Screening for diauxic shift from glucose to lactose,18.10.25,Biotek H1,28,Y,N,At+Oa,Succinate,30.0,M9,,0,
2510_succinate_glucose,2510_succinate_glucose_251018_succinate,2510_succinate_glucose_251018_succinate_D10,Eric,Screening for diauxic shift from glucose to lactose,18.10.25,Biotek H1,28,Y,N,At+Oa,Succinate,15.0,M9,,0,
2510_succinate_glucose,2510_succinate_glucose_251018_succinate,2510_succinate_glucose_251018_succinate_D2,Eric,Screening for diauxic shift from glucose to lactose,18.10.25,Biotek H1,28,Y,N,At,Succinate,15.0,M9,,0,
2510_succinate_glucose,2510_succinate_glucose_251018_succinate,2510_succinate_glucose_251018_succinate_D3,Eric,Screening for diauxic shift from glucose to lactose,18.10.25,Biotek H1,28,Y,N,At,Succinate,15.0,M9,,0,
2510_succinate_glucose,2510_succinate_glucose_251018_succinate,2510_succinate_glucose_251018_succinate_D4,Eric,Screening for diauxic shift from glucose to lactose,18.10.25,Biotek H1,28,Y,N,At,Succinate,15.0,M9,,0,
2510_succinate_glucose,2510_succinate_glucose_251018_succinate,2510_succinate_glucose_251018_succinate_D5,Eric,Screening for diauxic shift from glucose to lactose,18.10.25,Biotek H1,28,Y,N,Oa,Succinate,15.0,M9,,0,
2510_succinate_glucose,2510_succinate_glucose_251018_succinate,2510_succinate_glucose_251018_succinate_D6,Eric,Screening for diauxic shift from glucose to lactose,18.10.25,Biotek H1,28,Y,N,Oa,Succinate,15.0,M9,,0,
2510_succinate_glucose,2510_succinate_glucose_251018_succinate,2510_succinate_glucose_251018_succinate_D7,Eric,Screening for diauxic shift from glucose to lactose,18.10.25,Biotek H1,28,Y,N,Oa,Succinate,15.0,M9,,0,
2510_succinate_glucose,2510_succinate_glucose_251018_succinate,2510_succinate_glucose_251018_succinate_D8,Eric,Screening for diauxic shift from glucose to lactose,18.10.25,Biotek H1,28,Y,N,At+Oa,Succinate,15.0,M9,,0,
2510_succinate_glucose,2510_succinate_glucose_251018_succinate,2510_succinate_glucose_251018_succinate_D9,Eric,Screening for diauxic shift from glucose to lactose,18.10.25,Biotek H1,28,Y,N,At+Oa,Succinate,15.0,M9,,0,
2510_succinate_glucose,2510_succinate_glucose_251018_succinate,2510_succinate_glucose_251018_succinate_E10,Eric,Screening for diauxic shift from glucose to lactose,18.10.25,Biotek H1,28,Y,N,At+Oa,Succinate,7.5,M9,,0,
2510_succinate_glucose,2510_succinate_glucose_251018_succinate,2510_succinate_glucose_251018_succinate_E2,Eric,Screening for diauxic shift from glucose to lactose,18.10.25,Biotek H1,28,Y,N,At,Succinate,7.5,M9,,0,
2510_succinate_glucose,2510_succinate_glucose_251018_succinate,2510_succinate_glucose_251018_succinate_E3,Eric,Screening for diauxic shift from glucose to lactose,18.10.25,Biotek H1,28,Y,N,At,Succinate,7.5,M9,,0,
2510_succinate_glucose,2510_succinate_glucose_251018_succinate,2510_succinate_glucose_251018_succinate_E4,Eric,Screening for diauxic shift from glucose to lactose,18.10.25,Biotek H1,28,Y,N,At,Succinate,7.5,M9,,0,
2510_succinate_glucose,2510_succinate_glucose_251018_succinate,2510_succinate_glucose_251018_succinate_E5,Eric,Screening for diauxic shift from glucose to lactose,18.10.25,Biotek H1,28,Y,N,Oa,Succinate,7.5,M9,,0,
2510_succinate_glucose,2510_succinate_glucose_251018_succinate,2510_succinate_glucose_251018_succinate_E6,Eric,Screening for diauxic shift from glucose to lactose,18.10.25,Biotek H1,28,Y,N,Oa,Succinate,7.5,M9,,0,
2510_succinate_glucose,2510_succinate_glucose_251018_succinate,2510_succinate_glucose_251018_succinate_E7,Eric,Screening for diauxic shift from glucose to lactose,18.10.25,Biotek H1,28,Y,N,Oa,Succinate,7.5,M9,,0,
2510_succinate_glucose,2510_succinate_glucose_251018_succinate,2510_succinate_glucose_251018_succinate_E8,Eric,Screening for diauxic shift from glucose to lactose,18.10.25,Biotek H1,28,Y,N,At+Oa,Succinate,7.5,M9,,0,
2510_succinate_glucose,2510_succinate_glucose_251018_succinate,2510_succinate_glucose_251018_succinate_E9,Eric,Screening for diauxic shift from glucose to lactose,18.10.25,Biotek H1,28,Y,N,At+Oa,Succinate,7.5,M9,,0,
2510_succinate_glucose,2510_succinate_glucose_251018_succinate,2510_succinate_glucose_251018_succinate_F10,Eric,Screening for diauxic shift from glucose to lactose,18.10.25,Biotek H1,28,Y,N,At+Oa,Succinate,5.0,M9,,0,
2510_succinate_glucose,2510_succinate_glucose_251018_succinate,2510_succinate_glucose_251018_succinate_F2,Eric,Screening for diauxic shift from glucose to lactose,18.10.25,Biotek H1,28,Y,N,At,Succinate,5.0,M9,,0,
2510_succinate_glucose,2510_succinate_glucose_251018_succinate,2510_succinate_glucose_251018_succinate_F3,Eric,Screening for diauxic shift from glucose to lactose,18.10.25,Biotek H1,28,Y,N,At,Succinate,5.0,M9,,0,
2510_succinate_glucose,2510_succinate_glucose_251018_succinate,2510_succinate_glucose_251018_succinate_F4,Eric,Screening for diauxic shift from glucose to lactose,18.10.25,Biotek H1,28,Y,N,At,Succinate,5.0,M9,,0,
2510_succinate_glucose,2510_succinate_glucose_251018_succinate,2510_succinate_glucose_251018_succinate_F5,Eric,Screening for diauxic shift from glucose to lactose,18.10.25,Biotek H1,28,Y,N,Oa,Succinate,5.0,M9,,0,
2510_succinate_glucose,2510_succinate_glucose_251018_succinate,2510_succinate_glucose_251018_succinate_F6,Eric,Screening for diauxic shift from glucose to lactose,18.10.25,Biotek H1,28,Y,N,Oa,Succinate,5.0,M9,,0,
2510_succinate_glucose,2510_succinate_glucose_251018_succinate,2510_succinate_glucose_251018_succinate_F7,Eric,Screening for diauxic shift from glucose to lactose,18.10.25,Biotek H1,28,Y,N,Oa,Succinate,5.0,M9,,0,
2510_succinate_glucose,2510_succinate_glucose_251018_succinate,2510_succinate_glucose_251018_succinate_F8,Eric,Screening for diauxic shift from glucose to lactose,18.10.25,Biotek H1,28,Y,N,At+Oa,Succinate,5.0,M9,,0,
2510_succinate_glucose,2510_succinate_glucose_251018_succinate,2510_succinate_glucose_251018_succinate_F9,Eric,Screening for diauxic shift from glucose to lactose,18.10.25,Biotek H1,28,Y,N,At+Oa,Succinate,5.0,M9,,0,
2510_succinate_glucose,2510_succinate_glucose_251018_succinate,2510_succinate_glucose_251018_succinate_G10,Eric,Screening for diauxic shift from glucose to lactose,18.10.25,Biotek H1,28,Y,N,At+Oa,Succinate,2.5,M9,,0,
2510_succinate_glucose,2510_succinate_glucose_251018_succinate,2510_succinate_glucose_251018_succinate_G2,Eric,Screening for diauxic shift from glucose to lactose,18.10.25,Biotek H1,28,Y,N,At,Succinate,2.5,M9,,0,
2510_succinate_glucose,2510_succinate_glucose_251018_succinate,2510_succinate_glucose_251018_succinate_G3,Eric,Screening for diauxic shift from glucose to lactose,18.10.25,Biotek H1,28,Y,N,At,Succinate,2.5,M9,,0,
2510_succinate_glucose,2510_succinate_glucose_251018_succinate,2510_succinate_glucose_251018_succinate_G4,Eric,Screening for diauxic shift from glucose to lactose,18.10.25,Biotek H1,28,Y,N,At,Succinate,2.5,M9,,0,
2510_succinate_glucose,2510_succinate_glucose_251018_succinate,2510_succinate_glucose_251018_succinate_G5,Eric,Screening for diauxic shift from glucose to lactose,18.10.25,Biotek H1,28,Y,N,Oa,Succinate,2.5,M9,,0,
2510_succinate_glucose,2510_succinate_glucose_251018_succinate,2510_succinate_glucose_251018_succinate_G6,Eric,Screening for diauxic shift from glucose to lactose,18.10.25,Biotek H1,28,Y,N,Oa,Succinate,2.5,M9,,0,
2510_succinate_glucose,2510_succinate_glucose_251018_succinate,2510_succinate_glucose_251018_succinate_G7,Eric,Screening for diauxic shift from glucose to lactose,18.10.25,Biotek H1,28,Y,N,Oa,Succinate,2.5,M9,,0,
2510_succinate_glucose,2510_succinate_glucose_251018_succinate,2510_succinate_glucose_251018_succinate_G8,Eric,Screening for diauxic shift from glucose to lactose,18.10.25,Biotek H1,28,Y,N,At+Oa,Succinate,2.5,M9,,0,
2510_succinate_glucose,2510_succinate_glucose_251018_succinate,2510_succinate_glucose_251018_succinate_G9,Eric,Screening for diauxic shift from glucose to lactose,18.10.25,Biotek H1,28,Y,N,At+Oa,Succinate,2.5,M9,,0,
2510_succinate_glucose,2510_succinate_glucose_251018_succinate_glucose,2510_succinate_glucose_251018_succinate_glucose_B10,Eric,Screening for diauxic shift from glucose to lactose,18.10.25,Biotek H1,28,Y,N,At+Oa,Succinate+Glucose,90.0,M9,,0,
2510_succinate_glucose,2510_succinate_glucose_251018_succinate_glucose,2510_succinate_glucose_251018_succinate_glucose_B2,Eric,Screening for diauxic shift from glucose to lactose,18.10.25,Biotek H1,28,Y,N,At,Succinate+Glucose,90.0,M9,,0,
2510_succinate_glucose,2510_succinate_glucose_251018_succinate_glucose,2510_succinate_glucose_251018_succinate_glucose_B3,Eric,Screening for diauxic shift from glucose to lactose,18.10.25,Biotek H1,28,Y,N,At,Succinate+Glucose,90.0,M9,,0,
2510_succinate_glucose,2510_succinate_glucose_251018_succinate_glucose,2510_succinate_glucose_251018_succinate_glucose_B4,Eric,Screening for diauxic shift from glucose to lactose,18.10.25,Biotek H1,28,Y,N,At,Succinate+Glucose,90.0,M9,,0,
2510_succinate_glucose,2510_succinate_glucose_251018_succinate_glucose,2510_succinate_glucose_251018_succinate_glucose_B5,Eric,Screening for diauxic shift from glucose to lactose,18.10.25,Biotek H1,28,Y,N,Oa,Succinate+Glucose,90.0,M9,,0,
2510_succinate_glucose,2510_succinate_glucose_251018_succinate_glucose,2510_succinate_glucose_251018_succinate_glucose_B6,Eric,Screening for diauxic shift from glucose to lactose,18.10.25,Biotek H1,28,Y,N,Oa,Succinate+Glucose,90.0,M9,,0,
2510_succinate_glucose,2510_succinate_glucose_251018_succinate_glucose,2510_succinate_glucose_251018_succinate_glucose_B7,Eric,Screening for diauxic shift from glucose to lactose,18.10.25,Biotek H1,28,Y,N,Oa,Succinate+Glucose,90.0,M9,,0,
2510_succinate_glucose,2510_succinate_glucose_251018_succinate_glucose,2510_succinate_glucose_251018_succinate_glucose_B8,Eric,Screening for diauxic shift from glucose to lactose,18.10.25,Biotek H1,28,Y,N,At+Oa,Succinate+Glucose,90.0,M9,,0,
2510_succinate_glucose,2510_succinate_glucose_251018_succinate_glucose,2510_succinate_glucose_251018_succinate_glucose_B9,Eric,Screening for diauxic shift from glucose to lactose,18.10.25,Biotek H1,28,Y,N,At+Oa,Succinate+Glucose,90.0,M9,,0,
2510_succinate_glucose,2510_succinate_glucose_251018_succinate_glucose,2510_succinate_glucose_251018_succinate_glucose_C10,Eric,Screening for diauxic shift from glucose to lactose,18.10.25,Biotek H1,28,Y,N,At+Oa,Succinate+Glucose,60.0,M9,,0,
2510_succinate_glucose,2510_succinate_glucose_251018_succinate_glucose,2510_succinate_glucose_251018_succinate_glucose_C2,Eric,Screening for diauxic shift from glucose to lactose,18.10.25,Biotek H1,28,Y,N,At,Succinate+Glucose,60.0,M9,,0,
2510_succinate_glucose,2510_succinate_glucose_251018_succinate_glucose,2510_succinate_glucose_251018_succinate_glucose_C3,Eric,Screening for diauxic shift from glucose to lactose,18.10.25,Biotek H1,28,Y,N,At,Succinate+Glucose,60.0,M9,,0,
2510_succinate_glucose,2510_succinate_glucose_251018_succinate_glucose,2510_succinate_glucose_251018_succinate_glucose_C4,Eric,Screening for diauxic shift from glucose to lactose,18.10.25,Biotek H1,28,Y,N,At,Succinate+Glucose,60.0,M9,,0,
2510_succinate_glucose,2510_succinate_glucose_251018_succinate_glucose,2510_succinate_glucose_251018_succinate_glucose_C5,Eric,Screening for diauxic shift from glucose to lactose,18.10.25,Biotek H1,28,Y,N,Oa,Succinate+Glucose,60.0,M9,,0,
2510_succinate_glucose,2510_succinate_glucose_251018_succinate_glucose,2510_succinate_glucose_251018_succinate_glucose_C6,Eric,Screening for diauxic shift from glucose to lactose,18.10.25,Biotek H1,28,Y,N,Oa,Succinate+Glucose,60.0,M9,,0,
2510_succinate_glucose,2510_succinate_glucose_251018_succinate_glucose,2510_succinate_glucose_251018_succinate_glucose_C7,Eric,Screening for diauxic shift from glucose to lactose,18.10.25,Biotek H1,28,Y,N,Oa,Succinate+Glucose,60.0,M9,,0,
2510_succinate_glucose,2510_succinate_glucose_251018_succinate_glucose,2510_succinate_glucose_251018_succinate_glucose_C8,Eric,Screening for diauxic shift from glucose to lactose,18.10.25,Biotek H1,28,Y,N,At+Oa,Succinate+Glucose,60.0,M9,,0,
2510_succinate_glucose,2510_succinate_glucose_251018_succinate_glucose,2510_succinate_glucose_251018_succinate_glucose_C9,Eric,Screening for diauxic shift from glucose to lactose,18.10.25,Biotek H1,28,Y,N,At+Oa,Succinate+Glucose,60.0,M9,,0,
2510_succinate_glucose,2510_succinate_glucose_251018_succinate_glucose,2510_succinate_glucose_251018_succinate_glucose_D10,Eric,Screening for diauxic shift from glucose to lactose,18.10.25,Biotek H1,28,Y,N,At+Oa,Succinate+Glucose,30.0,M9,,0,
2510_succinate_glucose,2510_succinate_glucose_251018_succinate_glucose,2510_succinate_glucose_251018_succinate_glucose_D2,Eric,Screening for diauxic shift from glucose to lactose,18.10.25,Biotek H1,28,Y,N,At,Succinate+Glucose,30.0,M9,,0,
2510_succinate_glucose,2510_succinate_glucose_251018_succinate_glucose,2510_succinate_glucose_251018_succinate_glucose_D3,Eric,Screening for diauxic shift from glucose to lactose,18.10.25,Biotek H1,28,Y,N,At,Succinate+Glucose,30.0,M9,,0,
2510_succinate_glucose,2510_succinate_glucose_251018_succinate_glucose,2510_succinate_glucose_251018_succinate_glucose_D4,Eric,Screening for diauxic shift from glucose to lactose,18.10.25,Biotek H1,28,Y,N,At,Succinate+Glucose,30.0,M9,,0,
2510_succinate_glucose,2510_succinate_glucose_251018_succinate_glucose,2510_succinate_glucose_251018_succinate_glucose_D5,Eric,Screening for diauxic shift from glucose to lactose,18.10.25,Biotek H1,28,Y,N,Oa,Succinate+Glucose,30.0,M9,,0,
2510_succinate_glucose,2510_succinate_glucose_251018_succinate_glucose,2510_succinate_glucose_251018_succinate_glucose_D6,Eric,Screening for diauxic shift from glucose to lactose,18.10.25,Biotek H1,28,Y,N,Oa,Succinate+Glucose,30.0,M9,,0,
2510_succinate_glucose,2510_succinate_glucose_251018_succinate_glucose,2510_succinate_glucose_251018_succinate_glucose_D7,Eric,Screening for diauxic shift from glucose to lactose,18.10.25,Biotek H1,28,Y,N,Oa,Succinate+Glucose,30.0,M9,,0,
2510_succinate_glucose,2510_succinate_glucose_251018_succinate_glucose,2510_succinate_glucose_251018_succinate_glucose_D8,Eric,Screening for diauxic shift from glucose to lactose,18.10.25,Biotek H1,28,Y,N,At+Oa,Succinate+Glucose,30.0,M9,,0,
2510_succinate_glucose,2510_succinate_glucose_251018_succinate_glucose,2510_succinate_glucose_251018_succinate_glucose_D9,Eric,Screening for diauxic shift from glucose to lactose,18.10.25,Biotek H1,28,Y,N,At+Oa,Succinate+Glucose,30.0,M9,,0,
2510_succinate_glucose,2510_succinate_glucose_251018_succinate_glucose,2510_succinate_glucose_251018_succinate_glucose_E10,Eric,Screening for diauxic shift from glucose to lactose,18.10.25,Biotek H1,28,Y,N,At+Oa,Succinate+Glucose,15.0,M9,,0,
2510_succinate_glucose,2510_succinate_glucose_251018_succinate_glucose,2510_succinate_glucose_251018_succinate_glucose_E2,Eric,Screening for diauxic shift from glucose to lactose,18.10.25,Biotek H1,28,Y,N,At,Succinate+Glucose,15.0,M9,,0,
2510_succinate_glucose,2510_succinate_glucose_251018_succinate_glucose,2510_succinate_glucose_251018_succinate_glucose_E3,Eric,Screening for diauxic shift from glucose to lactose,18.10.25,Biotek H1,28,Y,N,At,Succinate+Glucose,15.0,M9,,0,
2510_succinate_glucose,2510_succinate_glucose_251018_succinate_glucose,2510_succinate_glucose_251018_succinate_glucose_E4,Eric,Screening for diauxic shift from glucose to lactose,18.10.25,Biotek H1,28,Y,N,At,Succinate+Glucose,15.0,M9,,0,
2510_succinate_glucose,2510_succinate_glucose_251018_succinate_glucose,2510_succinate_glucose_251018_succinate_glucose_E5,Eric,Screening for diauxic shift from glucose to lactose,18.10.25,Biotek H1,28,Y,N,Oa,Succinate+Glucose,15.0,M9,,0,
2510_succinate_glucose,2510_succinate_glucose_251018_succinate_glucose,2510_succinate_glucose_251018_succinate_glucose_E6,Eric,Screening for diauxic shift from glucose to lactose,18.10.25,Biotek H1,28,Y,N,Oa,Succinate+Glucose,15.0,M9,,0,
2510_succinate_glucose,2510_succinate_glucose_251018_succinate_glucose,2510_succinate_glucose_251018_succinate_glucose_E7,Eric,Screening for diauxic shift from glucose to lactose,18.10.25,Biotek H1,28,Y,N,Oa,Succinate+Glucose,15.0,M9,,0,
2510_succinate_glucose,2510_succinate_glucose_251018_succinate_glucose,2510_succinate_glucose_251018_succinate_glucose_E8,Eric,Screening for diauxic shift from glucose to lactose,18.10.25,Biotek H1,28,Y,N,At+Oa,Succinate+Glucose,15.0,M9,,0,
2510_succinate_glucose,2510_succinate_glucose_251018_succinate_glucose,2510_succinate_glucose_251018_succinate_glucose_E9,Eric,Screening for diauxic shift from glucose to lactose,18.10.25,Biotek H1,28,Y,N,At+Oa,Succinate+Glucose,15.0,M9,,0,
2510_succinate_glucose,2510_succinate_glucose_251018_succinate_glucose,2510_succinate_glucose_251018_succinate_glucose_F10,Eric,Screening for diauxic shift from glucose to lactose,18.10.25,Biotek H1,28,Y,N,At+Oa,Succinate+Glucose,10.0,M9,,0,
2510_succinate_glucose,2510_succinate_glucose_251018_succinate_glucose,2510_succinate_glucose_251018_succinate_glucose_F2,Eric,Screening for diauxic shift from glucose to lactose,18.10.25,Biotek H1,28,Y,N,At,Succinate+Glucose,10.0,M9,,0,
2510_succinate_glucose,2510_succinate_glucose_251018_succinate_glucose,2510_succinate_glucose_251018_succinate_glucose_F3,Eric,Screening for diauxic shift from glucose to lactose,18.10.25,Biotek H1,28,Y,N,At,Succinate+Glucose,10.0,M9,,0,
2510_succinate_glucose,2510_succinate_glucose_251018_succinate_glucose,2510_succinate_glucose_251018_succinate_glucose_F4,Eric,Screening for diauxic shift from glucose to lactose,18.10.25,Biotek H1,28,Y,N,At,Succinate+Glucose,10.0,M9,,0,
2510_succinate_glucose,2510_succinate_glucose_251018_succinate_glucose,2510_succinate_glucose_251018_succinate_glucose_F5,Eric,Screening for diauxic shift from glucose to lactose,18.10.25,Biotek H1,28,Y,N,Oa,Succinate+Glucose,10.0,M9,,0,
2510_succinate_glucose,2510_succinate_glucose_251018_succinate_glucose,2510_succinate_glucose_251018_succinate_glucose_F6,Eric,Screening for diauxic shift from glucose to lactose,18.10.25,Biotek H1,28,Y,N,Oa,Succinate+Glucose,10.0,M9,,0,
2510_succinate_glucose,2510_succinate_glucose_251018_succinate_glucose,2510_succinate_glucose_251018_succinate_glucose_F7,Eric,Screening for diauxic shift from glucose to lactose,18.10.25,Biotek H1,28,Y,N,Oa,Succinate+Glucose,10.0,M9,,0,
2510_succinate_glucose,2510_succinate_glucose_251018_succinate_glucose,2510_succinate_glucose_251018_succinate_glucose_F8,Eric,Screening for diauxic shift from glucose to lactose,18.10.25,Biotek H1,28,Y,N,At+Oa,Succinate+Glucose,10.0,M9,,0,
2510_succinate_glucose,2510_succinate_glucose_251018_succinate_glucose,2510_succinate_glucose_251018_succinate_glucose_F9,Eric,Screening for diauxic shift from glucose to lactose,18.10.25,Biotek H1,28,Y,N,At+Oa,Succinate+Glucose,10.0,M9,,0,
2510_succinate_glucose,2510_succinate_glucose_251018_succinate_glucose,2510_succinate_glucose_251018_succinate_glucose_G10,Eric,Screening for diauxic shift from glucose to lactose,18.10.25,Biotek H1,28,Y,N,At+Oa,Succinate+Glucose,5.0,M9,,0,
2510_succinate_glucose,2510_succinate_glucose_251018_succinate_glucose,2510_succinate_glucose_251018_succinate_glucose_G2,Eric,Screening for diauxic shift from glucose to lactose,18.10.25,Biotek H1,28,Y,N,At,Succinate+Glucose,5.0,M9,,0,
2510_succinate_glucose,2510_succinate_glucose_251018_succinate_glucose,2510_succinate_glucose_251018_succinate_glucose_G3,Eric,Screening for diauxic shift from glucose to lactose,18.10.25,Biotek H1,28,Y,N,At,Succinate+Glucose,5.0,M9,,0,
2510_succinate_glucose,2510_succinate_glucose_251018_succinate_glucose,2510_succinate_glucose_251018_succinate_glucose_G4,Eric,Screening for diauxic shift from glucose to lactose,18.10.25,Biotek H1,28,Y,N,At,Succinate+Glucose,5.0,M9,,0,
2510_succinate_glucose,2510_succinate_glucose_251018_succinate_glucose,2510_succinate_glucose_251018_succinate_glucose_G5,Eric,Screening for diauxic shift from glucose to lactose,18.10.25,Biotek H1,28,Y,N,Oa,Succinate+Glucose,5.0,M9,,0,
2510_succinate_glucose,2510_succinate_glucose_251018_succinate_glucose,2510_succinate_glucose_251018_succinate_glucose_G6,Eric,Screening for diauxic shift from glucose to lactose,18.10.25,Biotek H1,28,Y,N,Oa,Succinate+Glucose,5.0,M9,,0,
2510_succinate_glucose,2510_succinate_glucose_251018_succinate_glucose,2510_succinate_glucose_251018_succinate_glucose_G7,Eric,Screening for diauxic shift from glucose to lactose,18.10.25,Biotek H1,28,Y,N,Oa,Succinate+Glucose,5.0,M9,,0,
2510_succinate_glucose,2510_succinate_glucose_251018_succinate_glucose,2510_succinate_glucose_251018_succinate_glucose_G8,Eric,Screening for diauxic shift from glucose to lactose,18.10.25,Biotek H1,28,Y,N,At+Oa,Succinate+Glucose,5.0,M9,,0,
2510_succinate_glucose,2510_succinate_glucose_251018_succinate_glucose,2510_succinate_glucose_251018_succinate_glucose_G9,Eric,Screening for diauxic shift from glucose to lactose,18.10.25,Biotek H1,28,Y,N,At+Oa,Succinate+Glucose,5.0,M9,,0,
261219_oa_chemostat_growth_curves,261219_oa_chemostat_growth_curves_260119_oa_chemostat_growth_curves,261219_oa_chemostat_growth_curves_260119_oa_chemostat_growth_curves_A1,Eric,Growth curves of At grown in chemostat either directly from the reactors culture or from pellet,18.10.25,Biotek H1,28,Y,N,Oa,Succinate spent medium,15.0,M9,,0,
261219_oa_chemostat_growth_curves,261219_oa_chemostat_growth_curves_260119_oa_chemostat_growth_curves,261219_oa_chemostat_growth_curves_260119_oa_chemostat_growth_curves_A10,Eric,Growth curves of At grown in chemostat either directly from the reactors culture or from pellet,18.10.25,Biotek H1,28,Y,N,Oa,Succinate+Glucose outflow spent medium,30.0,M9,,0,
261219_oa_chemostat_growth_curves,261219_oa_chemostat_growth_curves_260119_oa_chemostat_growth_curves,261219_oa_chemostat_growth_curves_260119_oa_chemostat_growth_curves_A11,Eric,Growth curves of At grown in chemostat either directly from the reactors culture or from pellet,18.10.25,Biotek H1,28,Y,N,Oa,Succinate+Glucose outflow spent medium,30.0,M9,,0,
261219_oa_chemostat_growth_curves,261219_oa_chemostat_growth_curves_260119_oa_chemostat_growth_curves,261219_oa_chemostat_growth_curves_260119_oa_chemostat_growth_curves_A12,Eric,Growth curves of At grown in chemostat either directly from the reactors culture or from pellet,18.10.25,Biotek H1,28,Y,N,Oa,Succinate+Glucose outflow spent medium,30.0,M9,,0,
261219_oa_chemostat_growth_curves,261219_oa_chemostat_growth_curves_260119_oa_chemostat_growth_curves,261219_oa_chemostat_growth_curves_260119_oa_chemostat_growth_curves_A2,Eric,Growth curves of At grown in chemostat either directly from the reactors culture or from pellet,18.10.25,Biotek H1,28,Y,N,Oa,Succinate spent medium,15.0,M9,,0,
261219_oa_chemostat_growth_curves,261219_oa_chemostat_growth_curves_260119_oa_chemostat_growth_curves,261219_oa_chemostat_growth_curves_260119_oa_chemostat_growth_curves_A3,Eric,Growth curves of At grown in chemostat either directly from the reactors culture or from pellet,18.10.25,Biotek H1,28,Y,N,Oa,Succinate spent medium,15.0,M9,,0,
261219_oa_chemostat_growth_curves,261219_oa_chemostat_growth_curves_260119_oa_chemostat_growth_curves,261219_oa_chemostat_growth_curves_260119_oa_chemostat_growth_curves_A4,Eric,Growth curves of At grown in chemostat either directly from the reactors culture or from pellet,18.10.25,Biotek H1,28,Y,N,Oa,Glucose spent medium,15.0,M9,,0,
261219_oa_chemostat_growth_curves,261219_oa_chemostat_growth_curves_260119_oa_chemostat_growth_curves,261219_oa_chemostat_growth_curves_260119_oa_chemostat_growth_curves_A5,Eric,Growth curves of At grown in chemostat either directly from the reactors culture or from pellet,18.10.25,Biotek H1,28,Y,N,Oa,Glucose spent medium,15.0,M9,,0,
261219_oa_chemostat_growth_curves,261219_oa_chemostat_growth_curves_260119_oa_chemostat_growth_curves,261219_oa_chemostat_growth_curves_260119_oa_chemostat_growth_curves_A6,Eric,Growth curves of At grown in chemostat either directly from the reactors culture or from pellet,18.10.25,Biotek H1,28,Y,N,Oa,Glucose spent medium,15.0,M9,,0,
261219_oa_chemostat_growth_curves,261219_oa_chemostat_growth_curves_260119_oa_chemostat_growth_curves,261219_oa_chemostat_growth_curves_260119_oa_chemostat_growth_curves_A7,Eric,Growth curves of At grown in chemostat either directly from the reactors culture or from pellet,18.10.25,Biotek H1,28,Y,N,Oa,Succinate+Glucose spent medium,15.0,M9,,0,
261219_oa_chemostat_growth_curves,261219_oa_chemostat_growth_curves_260119_oa_chemostat_growth_curves,261219_oa_chemostat_growth_curves_260119_oa_chemostat_growth_curves_A8,Eric,Growth curves of At grown in chemostat either directly from the reactors culture or from pellet,18.10.25,Biotek H1,28,Y,N,Oa,Succinate+Glucose spent medium,15.0,M9,,0,
261219_oa_chemostat_growth_curves,261219_oa_chemostat_growth_curves_260119_oa_chemostat_growth_curves,261219_oa_chemostat_growth_curves_260119_oa_chemostat_growth_curves_A9,Eric,Growth curves of At grown in chemostat either directly from the reactors culture or from pellet,18.10.25,Biotek H1,28,Y,N,Oa,Succinate+Glucose spent medium,15.0,M9,,0,
261219_oa_chemostat_growth_curves,261219_oa_chemostat_growth_curves_260119_oa_chemostat_growth_curves,261219_oa_chemostat_growth_curves_260119_oa_chemostat_growth_curves_B1,Eric,Growth curves of At grown in chemostat either directly from the reactors culture or from pellet,18.10.25,Biotek H1,28,Y,N,Oa,Succinate fresh medium,15.0,M9,,0,
261219_oa_chemostat_growth_curves,261219_oa_chemostat_growth_curves_260119_oa_chemostat_growth_curves,261219_oa_chemostat_growth_curves_260119_oa_chemostat_growth_curves_B10,Eric,Growth curves of At grown in chemostat either directly from the reactors culture or from pellet,18.10.25,Biotek H1,28,Y,N,Oa,Succinate+Glucose outflow fresh medium,30.0,M9,,0,
261219_oa_chemostat_growth_curves,261219_oa_chemostat_growth_curves_260119_oa_chemostat_growth_curves,261219_oa_chemostat_growth_curves_260119_oa_chemostat_growth_curves_B11,Eric,Growth curves of At grown in chemostat either directly from the reactors culture or from pellet,18.10.25,Biotek H1,28,Y,N,Oa,Succinate+Glucose outflow fresh medium,30.0,M9,,0,
261219_oa_chemostat_growth_curves,261219_oa_chemostat_growth_curves_260119_oa_chemostat_growth_curves,261219_oa_chemostat_growth_curves_260119_oa_chemostat_growth_curves_B12,Eric,Growth curves of At grown in chemostat either directly from the reactors culture or from pellet,18.10.25,Biotek H1,28,Y,N,Oa,Succinate+Glucose outflow fresh medium,30.0,M9,,0,
261219_oa_chemostat_growth_curves,261219_oa_chemostat_growth_curves_260119_oa_chemostat_growth_curves,261219_oa_chemostat_growth_curves_260119_oa_chemostat_growth_curves_B2,Eric,Growth curves of At grown in chemostat either directly from the reactors culture or from pellet,18.10.25,Biotek H1,28,Y,N,Oa,Succinate fresh medium,15.0,M9,,0,
261219_oa_chemostat_growth_curves,261219_oa_chemostat_growth_curves_260119_oa_chemostat_growth_curves,261219_oa_chemostat_growth_curves_260119_oa_chemostat_growth_curves_B3,Eric,Growth curves of At grown in chemostat either directly from the reactors culture or from pellet,18.10.25,Biotek H1,28,Y,N,Oa,Succinate fresh medium,15.0,M9,,0,
261219_oa_chemostat_growth_curves,261219_oa_chemostat_growth_curves_260119_oa_chemostat_growth_curves,261219_oa_chemostat_growth_curves_260119_oa_chemostat_growth_curves_B4,Eric,Growth curves of At grown in chemostat either directly from the reactors culture or from pellet,18.10.25,Biotek H1,28,Y,N,Oa,Glucose fresh medium,15.0,M9,,0,
261219_oa_chemostat_growth_curves,261219_oa_chemostat_growth_curves_260119_oa_chemostat_growth_curves,261219_oa_chemostat_growth_curves_260119_oa_chemostat_growth_curves_B5,Eric,Growth curves of At grown in chemostat either directly from the reactors culture or from pellet,18.10.25,Biotek H1,28,Y,N,Oa,Glucose fresh medium,15.0,M9,,0,
261219_oa_chemostat_growth_curves,261219_oa_chemostat_growth_curves_260119_oa_chemostat_growth_curves,261219_oa_chemostat_growth_curves_260119_oa_chemostat_growth_curves_B6,Eric,Growth curves of At grown in chemostat either directly from the reactors culture or from pellet,18.10.25,Biotek H1,28,Y,N,Oa,Glucose fresh medium,15.0,M9,,0,
261219_oa_chemostat_growth_curves,261219_oa_chemostat_growth_curves_260119_oa_chemostat_growth_curves,261219_oa_chemostat_growth_curves_260119_oa_chemostat_growth_curves_B7,Eric,Growth curves of At grown in chemostat either directly from the reactors culture or from pellet,18.10.25,Biotek H1,28,Y,N,Oa,Succinate+Glucose fresh medium,15.0,M9,,0,
261219_oa_chemostat_growth_curves,261219_oa_chemostat_growth_curves_260119_oa_chemostat_growth_curves,261219_oa_chemostat_growth_curves_260119_oa_chemostat_growth_curves_B8,Eric,Growth curves of At grown in chemostat either directly from the reactors culture or from pellet,18.10.25,Biotek H1,28,Y,N,Oa,Succinate+Glucose fresh medium,15.0,M9,,0,
261219_oa_chemostat_growth_curves,261219_oa_chemostat_growth_curves_260119_oa_chemostat_growth_curves,261219_oa_chemostat_growth_curves_260119_oa_chemostat_growth_curves_B9,Eric,Growth curves of At grown in chemostat either directly from the reactors culture or from pellet,18.10.25,Biotek H1,28,Y,N,Oa,Succinate+Glucose fresh medium,15.0,M9,,0,
251214_at_chemostat_growth_curves,251214_at_chemostat_growth_curves_251214_at_chemostat_growth_curves,251214_at_chemostat_growth_curves_251214_at_chemostat_growth_curves_B1,Eric,Growth curves of At grown in chemostat either directly from the reactors culture or from pellet,18.10.25,Biotek H1,28,Y,N,At chemostat,Succinate+Glucose Outflow,30.0,M9,,0,
251214_at_chemostat_growth_curves,251214_at_chemostat_growth_curves_251214_at_chemostat_growth_curves,251214_at_chemostat_growth_curves_251214_at_chemostat_growth_curves_B10,Eric,Growth curves of At grown in chemostat either directly from the reactors culture or from pellet,18.10.25,Biotek H1,28,Y,N,At chemostat,Succinate+Glucose,30.0,M9,,0,
251214_at_chemostat_growth_curves,251214_at_chemostat_growth_curves_251214_at_chemostat_growth_curves,251214_at_chemostat_growth_curves_251214_at_chemostat_growth_curves_B11,Eric,Growth curves of At grown in chemostat either directly from the reactors culture or from pellet,18.10.25,Biotek H1,28,Y,N,At chemostat,Succinate+Glucose Outflow,30.0,M9,,0,
251214_at_chemostat_growth_curves,251214_at_chemostat_growth_curves_251214_at_chemostat_growth_curves,251214_at_chemostat_growth_curves_251214_at_chemostat_growth_curves_B12,Eric,Growth curves of At grown in chemostat either directly from the reactors culture or from pellet,18.10.25,Biotek H1,28,Y,N,At chemostat,Succinate+Glucose Outflow,30.0,M9,,0,
251214_at_chemostat_growth_curves,251214_at_chemostat_growth_curves_251214_at_chemostat_growth_curves,251214_at_chemostat_growth_curves_251214_at_chemostat_growth_curves_B2,Eric,Growth curves of At grown in chemostat either directly from the reactors culture or from pellet,18.10.25,Biotek H1,28,Y,N,At chemostat,Succinate,15.0,M9,,0,
251214_at_chemostat_growth_curves,251214_at_chemostat_growth_curves_251214_at_chemostat_growth_curves,251214_at_chemostat_growth_curves_251214_at_chemostat_growth_curves_B3,Eric,Growth curves of At grown in chemostat either directly from the reactors culture or from pellet,18.10.25,Biotek H1,28,Y,N,At chemostat,Succinate,15.0,M9,,0,
251214_at_chemostat_growth_curves,251214_at_chemostat_growth_curves_251214_at_chemostat_growth_curves,251214_at_chemostat_growth_curves_251214_at_chemostat_growth_curves_B4,Eric,Growth curves of At grown in chemostat either directly from the reactors culture or from pellet,18.10.25,Biotek H1,28,Y,N,At chemostat,Succinate,15.0,M9,,0,
251214_at_chemostat_growth_curves,251214_at_chemostat_growth_curves_251214_at_chemostat_growth_curves,251214_at_chemostat_growth_curves_251214_at_chemostat_growth_curves_B5,Eric,Growth curves of At grown in chemostat either directly from the reactors culture or from pellet,18.10.25,Biotek H1,28,Y,N,At chemostat,Glucose,15.0,M9,,0,
251214_at_chemostat_growth_curves,251214_at_chemostat_growth_curves_251214_at_chemostat_growth_curves,251214_at_chemostat_growth_curves_251214_at_chemostat_growth_curves_B6,Eric,Growth curves of At grown in chemostat either directly from the reactors culture or from pellet,18.10.25,Biotek H1,28,Y,N,At chemostat,Glucose,15.0,M9,,0,
251214_at_chemostat_growth_curves,251214_at_chemostat_growth_curves_251214_at_chemostat_growth_curves,251214_at_chemostat_growth_curves_251214_at_chemostat_growth_curves_B7,Eric,Growth curves of At grown in chemostat either directly from the reactors culture or from pellet,18.10.25,Biotek H1,28,Y,N,At chemostat,Glucose,15.0,M9,,0,
251214_at_chemostat_growth_curves,251214_at_chemostat_growth_curves_251214_at_chemostat_growth_curves,251214_at_chemostat_growth_curves_251214_at_chemostat_growth_curves_C8,Eric,Growth curves of At grown in chemostat either directly from the reactors culture or from pellet,18.10.25,Biotek H1,28,Y,N,At chemostat,Succinate+Glucose,30.0,M9,,0,
251214_at_chemostat_growth_curves,251214_at_chemostat_growth_curves_251214_at_chemostat_growth_curves,251214_at_chemostat_growth_curves_251214_at_chemostat_growth_curves_C9,Eric,Growth curves of At grown in chemostat either directly from the reactors culture or from pellet,18.10.25,Biotek H1,28,Y,N,At chemostat,Succinate+Glucose,30.0,M9,,0,
251214_at_chemostat_growth_curves,251214_at_chemostat_growth_curves_251214_at_chemostat_growth_curves,251214_at_chemostat_growth_curves_251214_at_chemostat_growth_curves_D1,Eric,Growth curves of At grown in chemostat either directly from the reactors culture or from pellet,18.10.25,Biotek H1,28,Y,N,At pellet succinate,Succinate,15.0,M9,,0,Pellet
251214_at_chemostat_growth_curves,251214_at_chemostat_growth_curves_251214_at_chemostat_growth_curves,251214_at_chemostat_growth_curves_251214_at_chemostat_growth_curves_D10,Eric,Growth curves of At grown in chemostat either directly from the reactors culture or from pellet,18.10.25,Biotek H1,28,Y,N,At pellet succinate glucose c2,Succinate,30.0,M9,,0,Pellet
251214_at_chemostat_growth_curves,251214_at_chemostat_growth_curves_251214_at_chemostat_growth_curves,251214_at_chemostat_growth_curves_251214_at_chemostat_growth_curves_D11,Eric,Growth curves of At grown in chemostat either directly from the reactors culture or from pellet,18.10.25,Biotek H1,28,Y,N,At pellet succinate glucose c2,Succinate,30.0,M9,,0,Pellet
251214_at_chemostat_growth_curves,251214_at_chemostat_growth_curves_251214_at_chemostat_growth_curves,251214_at_chemostat_growth_curves_251214_at_chemostat_growth_curves_D12,Eric,Growth curves of At grown in chemostat either directly from the reactors culture or from pellet,18.10.25,Biotek H1,28,Y,N,At pellet succinate glucose c2,Succinate,30.0,M9,,0,Pellet
251214_at_chemostat_growth_curves,251214_at_chemostat_growth_curves_251214_at_chemostat_growth_curves,251214_at_chemostat_growth_curves_251214_at_chemostat_growth_curves_D2,Eric,Growth curves of At grown in chemostat either directly from the reactors culture or from pellet,18.10.25,Biotek H1,28,Y,N,At pellet succinate,Succinate,15.0,M9,,0,Pellet
251214_at_chemostat_growth_curves,251214_at_chemostat_growth_curves_251214_at_chemostat_growth_curves,251214_at_chemostat_growth_curves_251214_at_chemostat_growth_curves_D3,Eric,Growth curves of At grown in chemostat either directly from the reactors culture or from pellet,18.10.25,Biotek H1,28,Y,N,At pellet succinate,Succinate,15.0,M9,,0,Pellet
251214_at_chemostat_growth_curves,251214_at_chemostat_growth_curves_251214_at_chemostat_growth_curves,251214_at_chemostat_growth_curves_251214_at_chemostat_growth_curves_D4,Eric,Growth curves of At grown in chemostat either directly from the reactors culture or from pellet,18.10.25,Biotek H1,28,Y,N,At pellet glucose,Succinate,15.0,M9,,0,Pellet
251214_at_chemostat_growth_curves,251214_at_chemostat_growth_curves_251214_at_chemostat_growth_curves,251214_at_chemostat_growth_curves_251214_at_chemostat_growth_curves_D5,Eric,Growth curves of At grown in chemostat either directly from the reactors culture or from pellet,18.10.25,Biotek H1,28,Y,N,At pellet glucose,Succinate,15.0,M9,,0,Pellet
251214_at_chemostat_growth_curves,251214_at_chemostat_growth_curves_251214_at_chemostat_growth_curves,251214_at_chemostat_growth_curves_251214_at_chemostat_growth_curves_D6,Eric,Growth curves of At grown in chemostat either directly from the reactors culture or from pellet,18.10.25,Biotek H1,28,Y,N,At pellet glucose,Succinate,15.0,M9,,0,Pellet
251214_at_chemostat_growth_curves,251214_at_chemostat_growth_curves_251214_at_chemostat_growth_curves,251214_at_chemostat_growth_curves_251214_at_chemostat_growth_curves_D7,Eric,Growth curves of At grown in chemostat either directly from the reactors culture or from pellet,18.10.25,Biotek H1,28,Y,N,At pellet succinate glucose c1,Succinate,30.0,M9,,0,Pellet
251214_at_chemostat_growth_curves,251214_at_chemostat_growth_curves_251214_at_chemostat_growth_curves,251214_at_chemostat_growth_curves_251214_at_chemostat_growth_curves_D8,Eric,Growth curves of At grown in chemostat either directly from the reactors culture or from pellet,18.10.25,Biotek H1,28,Y,N,At pellet succinate glucose c1,Succinate,30.0,M9,,0,Pellet
251214_at_chemostat_growth_curves,251214_at_chemostat_growth_curves_251214_at_chemostat_growth_curves,251214_at_chemostat_growth_curves_251214_at_chemostat_growth_curves_D9,Eric,Growth curves of At grown in chemostat either directly from the reactors culture or from pellet,18.10.25,Biotek H1,28,Y,N,At pellet succinate glucose c1,Succinate,30.0,M9,,0,Pellet
251214_at_chemostat_growth_curves,251214_at_chemostat_growth_curves_251214_at_chemostat_growth_curves,251214_at_chemostat_growth_curves_251214_at_chemostat_growth_curves_E1,Eric,Growth curves of At grown in chemostat either directly from the reactors culture or from pellet,18.10.25,Biotek H1,28,Y,N,At pellet succinate,Glucose,15.0,M9,,0,Pellet
251214_at_chemostat_growth_curves,251214_at_chemostat_growth_curves_251214_at_chemostat_growth_curves,251214_at_chemostat_growth_curves_251214_at_chemostat_growth_curves_E10,Eric,Growth curves of At grown in chemostat either directly from the reactors culture or from pellet,18.10.25,Biotek H1,28,Y,N,At pellet succinate glucose c2,Glucose,30.0,M9,,0,Pellet
251214_at_chemostat_growth_curves,251214_at_chemostat_growth_curves_251214_at_chemostat_growth_curves,251214_at_chemostat_growth_curves_251214_at_chemostat_growth_curves_E11,Eric,Growth curves of At grown in chemostat either directly from the reactors culture or from pellet,18.10.25,Biotek H1,28,Y,N,At pellet succinate glucose c2,Glucose,30.0,M9,,0,Pellet
251214_at_chemostat_growth_curves,251214_at_chemostat_growth_curves_251214_at_chemostat_growth_curves,251214_at_chemostat_growth_curves_251214_at_chemostat_growth_curves_E12,Eric,Growth curves of At grown in chemostat either directly from the reactors culture or from pellet,18.10.25,Biotek H1,28,Y,N,At pellet succinate glucose c2,Glucose,30.0,M9,,0,Pellet
251214_at_chemostat_growth_curves,251214_at_chemostat_growth_curves_251214_at_chemostat_growth_curves,251214_at_chemostat_growth_curves_251214_at_chemostat_growth_curves_E2,Eric,Growth curves of At grown in chemostat either directly from the reactors culture or from pellet,18.10.25,Biotek H1,28,Y,N,At pellet succinate,Glucose,15.0,M9,,0,Pellet
251214_at_chemostat_growth_curves,251214_at_chemostat_growth_curves_251214_at_chemostat_growth_curves,251214_at_chemostat_growth_curves_251214_at_chemostat_growth_curves_E3,Eric,Growth curves of At grown in chemostat either directly from the reactors culture or from pellet,18.10.25,Biotek H1,28,Y,N,At pellet succinate,Glucose,15.0,M9,,0,Pellet
251214_at_chemostat_growth_curves,251214_at_chemostat_growth_curves_251214_at_chemostat_growth_curves,251214_at_chemostat_growth_curves_251214_at_chemostat_growth_curves_E4,Eric,Growth curves of At grown in chemostat either directly from the reactors culture or from pellet,18.10.25,Biotek H1,28,Y,N,At pellet glucose,Glucose,15.0,M9,,0,Pellet
251214_at_chemostat_growth_curves,251214_at_chemostat_growth_curves_251214_at_chemostat_growth_curves,251214_at_chemostat_growth_curves_251214_at_chemostat_growth_curves_E5,Eric,Growth curves of At grown in chemostat either directly from the reactors culture or from pellet,18.10.25,Biotek H1,28,Y,N,At pellet glucose,Glucose,15.0,M9,,0,Pellet
251214_at_chemostat_growth_curves,251214_at_chemostat_growth_curves_251214_at_chemostat_growth_curves,251214_at_chemostat_growth_curves_251214_at_chemostat_growth_curves_E6,Eric,Growth curves of At grown in chemostat either directly from the reactors culture or from pellet,18.10.25,Biotek H1,28,Y,N,At pellet glucose,Glucose,15.0,M9,,0,Pellet
251214_at_chemostat_growth_curves,251214_at_chemostat_growth_curves_251214_at_chemostat_growth_curves,251214_at_chemostat_growth_curves_251214_at_chemostat_growth_curves_E7,Eric,Growth curves of At grown in chemostat either directly from the reactors culture or from pellet,18.10.25,Biotek H1,28,Y,N,At pellet succinate glucose c1,Glucose,30.0,M9,,0,Pellet
251214_at_chemostat_growth_curves,251214_at_chemostat_growth_curves_251214_at_chemostat_growth_curves,251214_at_chemostat_growth_curves_251214_at_chemostat_growth_curves_E8,Eric,Growth curves of At grown in chemostat either directly from the reactors culture or from pellet,18.10.25,Biotek H1,28,Y,N,At pellet succinate glucose c1,Glucose,30.0,M9,,0,Pellet
251214_at_chemostat_growth_curves,251214_at_chemostat_growth_curves_251214_at_chemostat_growth_curves,251214_at_chemostat_growth_curves_251214_at_chemostat_growth_curves_E9,Eric,Growth curves of At grown in chemostat either directly from the reactors culture or from pellet,18.10.25,Biotek H1,28,Y,N,At pellet succinate glucose c1,Glucose,30.0,M9,,0,Pellet
260205_at_oa_chemostat_growth_curves,260205_at_oa_chemostat_growth_curves_260205_at_oa_chemostat_growth_curves,260205_at_oa_chemostat_growth_curves_260205_at_oa_chemostat_growth_curves_A1,Eric,Growth curves of At grown in chemostat either directly from the reactors culture or from pellet,18.10.25,Biotek H1,28,Y,N,At+Oa,Succinate spent medium,15.0,M9,,0,
260205_at_oa_chemostat_growth_curves,260205_at_oa_chemostat_growth_curves_260205_at_oa_chemostat_growth_curves,260205_at_oa_chemostat_growth_curves_260205_at_oa_chemostat_growth_curves_A10,Eric,Growth curves of At grown in chemostat either directly from the reactors culture or from pellet,18.10.25,Biotek H1,28,Y,N,At+Oa,Succinate+Glucose outflow spent medium,30.0,M9,,0,
260205_at_oa_chemostat_growth_curves,260205_at_oa_chemostat_growth_curves_260205_at_oa_chemostat_growth_curves,260205_at_oa_chemostat_growth_curves_260205_at_oa_chemostat_growth_curves_A11,Eric,Growth curves of At grown in chemostat either directly from the reactors culture or from pellet,18.10.25,Biotek H1,28,Y,N,At+Oa,Succinate+Glucose outflow spent medium,30.0,M9,,0,
260205_at_oa_chemostat_growth_curves,260205_at_oa_chemostat_growth_curves_260205_at_oa_chemostat_growth_curves,260205_at_oa_chemostat_growth_curves_260205_at_oa_chemostat_growth_curves_A12,Eric,Growth curves of At grown in chemostat either directly from the reactors culture or from pellet,18.10.25,Biotek H1,28,Y,N,At+Oa,Succinate+Glucose outflow spent medium,30.0,M9,,0,
260205_at_oa_chemostat_growth_curves,260205_at_oa_chemostat_growth_curves_260205_at_oa_chemostat_growth_curves,260205_at_oa_chemostat_growth_curves_260205_at_oa_chemostat_growth_curves_A2,Eric,Growth curves of At grown in chemostat either directly from the reactors culture or from pellet,18.10.25,Biotek H1,28,Y,N,At+Oa,Succinate spent medium,15.0,M9,,0,
260205_at_oa_chemostat_growth_curves,260205_at_oa_chemostat_growth_curves_260205_at_oa_chemostat_growth_curves,260205_at_oa_chemostat_growth_curves_260205_at_oa_chemostat_growth_curves_A3,Eric,Growth curves of At grown in chemostat either directly from the reactors culture or from pellet,18.10.25,Biotek H1,28,Y,N,At+Oa,Succinate spent medium,15.0,M9,,0,
260205_at_oa_chemostat_growth_curves,260205_at_oa_chemostat_growth_curves_260205_at_oa_chemostat_growth_curves,260205_at_oa_chemostat_growth_curves_260205_at_oa_chemostat_growth_curves_A4,Eric,Growth curves of At grown in chemostat either directly from the reactors culture or from pellet,18.10.25,Biotek H1,28,Y,N,At+Oa,Glucose spent medium,15.0,M9,,0,
260205_at_oa_chemostat_growth_curves,260205_at_oa_chemostat_growth_curves_260205_at_oa_chemostat_growth_curves,260205_at_oa_chemostat_growth_curves_260205_at_oa_chemostat_growth_curves_A5,Eric,Growth curves of At grown in chemostat either directly from the reactors culture or from pellet,18.10.25,Biotek H1,28,Y,N,At+Oa,Glucose spent medium,15.0,M9,,0,
260205_at_oa_chemostat_growth_curves,260205_at_oa_chemostat_growth_curves_260205_at_oa_chemostat_growth_curves,260205_at_oa_chemostat_growth_curves_260205_at_oa_chemostat_growth_curves_A6,Eric,Growth curves of At grown in chemostat either directly from the reactors culture or from pellet,18.10.25,Biotek H1,28,Y,N,At+Oa,Glucose spent medium,15.0,M9,,0,
260205_at_oa_chemostat_growth_curves,260205_at_oa_chemostat_growth_curves_260205_at_oa_chemostat_growth_curves,260205_at_oa_chemostat_growth_curves_260205_at_oa_chemostat_growth_curves_A7,Eric,Growth curves of At grown in chemostat either directly from the reactors culture or from pellet,18.10.25,Biotek H1,28,Y,N,At+Oa,Succinate+Glucose spent medium,15.0,M9,,0,
260205_at_oa_chemostat_growth_curves,260205_at_oa_chemostat_growth_curves_260205_at_oa_chemostat_growth_curves,260205_at_oa_chemostat_growth_curves_260205_at_oa_chemostat_growth_curves_A8,Eric,Growth curves of At grown in chemostat either directly from the reactors culture or from pellet,18.10.25,Biotek H1,28,Y,N,At+Oa,Succinate+Glucose spent medium,15.0,M9,,0,
260205_at_oa_chemostat_growth_curves,260205_at_oa_chemostat_growth_curves_260205_at_oa_chemostat_growth_curves,260205_at_oa_chemostat_growth_curves_260205_at_oa_chemostat_growth_curves_A9,Eric,Growth curves of At grown in chemostat either directly from the reactors culture or from pellet,18.10.25,Biotek H1,28,Y,N,At+Oa,Succinate+Glucose spent medium,15.0,M9,,0,
260205_at_oa_chemostat_growth_curves,260205_at_oa_chemostat_growth_curves_260205_at_oa_chemostat_growth_curves,260205_at_oa_chemostat_growth_curves_260205_at_oa_chemostat_growth_curves_B1,Eric,Growth curves of At grown in chemostat either directly from the reactors culture or from pellet,18.10.25,Biotek H1,28,Y,N,At+Oa,Succinate fresh medium,15.0,M9,,0,
260205_at_oa_chemostat_growth_curves,260205_at_oa_chemostat_growth_curves_260205_at_oa_chemostat_growth_curves,260205_at_oa_chemostat_growth_curves_260205_at_oa_chemostat_growth_curves_B10,Eric,Growth curves of At grown in chemostat either directly from the reactors culture or from pellet,18.10.25,Biotek H1,28,Y,N,At+Oa,Succinate+Glucose outflow fresh medium,30.0,M9,,0,
260205_at_oa_chemostat_growth_curves,260205_at_oa_chemostat_growth_curves_260205_at_oa_chemostat_growth_curves,260205_at_oa_chemostat_growth_curves_260205_at_oa_chemostat_growth_curves_B11,Eric,Growth curves of At grown in chemostat either directly from the reactors culture or from pellet,18.10.25,Biotek H1,28,Y,N,At+Oa,Succinate+Glucose outflow fresh medium,30.0,M9,,0,
260205_at_oa_chemostat_growth_curves,260205_at_oa_chemostat_growth_curves_260205_at_oa_chemostat_growth_curves,260205_at_oa_chemostat_growth_curves_260205_at_oa_chemostat_growth_curves_B12,Eric,Growth curves of At grown in chemostat either directly from the reactors culture or from pellet,18.10.25,Biotek H1,28,Y,N,At+Oa,Succinate+Glucose outflow fresh medium,30.0,M9,,0,
260205_at_oa_chemostat_growth_curves,260205_at_oa_chemostat_growth_curves_260205_at_oa_chemostat_growth_curves,260205_at_oa_chemostat_growth_curves_260205_at_oa_chemostat_growth_curves_B2,Eric,Growth curves of At grown in chemostat either directly from the reactors culture or from pellet,18.10.25,Biotek H1,28,Y,N,At+Oa,Succinate fresh medium,15.0,M9,,0,
260205_at_oa_chemostat_growth_curves,260205_at_oa_chemostat_growth_curves_260205_at_oa_chemostat_growth_curves,260205_at_oa_chemostat_growth_curves_260205_at_oa_chemostat_growth_curves_B3,Eric,Growth curves of At grown in chemostat either directly from the reactors culture or from pellet,18.10.25,Biotek H1,28,Y,N,At+Oa,Succinate fresh medium,15.0,M9,,0,
260205_at_oa_chemostat_growth_curves,260205_at_oa_chemostat_growth_curves_260205_at_oa_chemostat_growth_curves,260205_at_oa_chemostat_growth_curves_260205_at_oa_chemostat_growth_curves_B4,Eric,Growth curves of At grown in chemostat either directly from the reactors culture or from pellet,18.10.25,Biotek H1,28,Y,N,At+Oa,Glucose fresh medium,15.0,M9,,0,
260205_at_oa_chemostat_growth_curves,260205_at_oa_chemostat_growth_curves_260205_at_oa_chemostat_growth_curves,260205_at_oa_chemostat_growth_curves_260205_at_oa_chemostat_growth_curves_B5,Eric,Growth curves of At grown in chemostat either directly from the reactors culture or from pellet,18.10.25,Biotek H1,28,Y,N,At+Oa,Glucose fresh medium,15.0,M9,,0,
260205_at_oa_chemostat_growth_curves,260205_at_oa_chemostat_growth_curves_260205_at_oa_chemostat_growth_curves,260205_at_oa_chemostat_growth_curves_260205_at_oa_chemostat_growth_curves_B6,Eric,Growth curves of At grown in chemostat either directly from the reactors culture or from pellet,18.10.25,Biotek H1,28,Y,N,At+Oa,Glucose fresh medium,15.0,M9,,0,
260205_at_oa_chemostat_growth_curves,260205_at_oa_chemostat_growth_curves_260205_at_oa_chemostat_growth_curves,260205_at_oa_chemostat_growth_curves_260205_at_oa_chemostat_growth_curves_B7,Eric,Growth curves of At grown in chemostat either directly from the reactors culture or from pellet,18.10.25,Biotek H1,28,Y,N,At+Oa,Succinate+Glucose fresh medium,15.0,M9,,0,
260205_at_oa_chemostat_growth_curves,260205_at_oa_chemostat_growth_curves_260205_at_oa_chemostat_growth_curves,260205_at_oa_chemostat_growth_curves_260205_at_oa_chemostat_growth_curves_B8,Eric,Growth curves of At grown in chemostat either directly from the reactors culture or from pellet,18.10.25,Biotek H1,28,Y,N,At+Oa,Succinate+Glucose fresh medium,15.0,M9,,0,
260205_at_oa_chemostat_growth_curves,260205_at_oa_chemostat_growth_curves_260205_at_oa_chemostat_growth_curves,260205_at_oa_chemostat_growth_curves_260205_at_oa_chemostat_growth_curves_B9,Eric,Growth curves of At grown in chemostat either directly from the reactors culture or from pellet,18.10.25,Biotek H1,28,Y,N,At+Oa,Succinate+Glucose fresh medium,15.0,M9,,0,
260501_fran_20_CFA,260501_fran_20_CFA_plate1,260501_fran_20_CFA_plate1_A1,Fran Gilis,Repeat 1 of TSB gradient experiment with all strains.,03.09.2024,BIOREADER,37,Y,N,EcN sfGFP,TSB,0.2,TSB,None,0,None
260501_fran_20_CFA,260501_fran_20_CFA_plate1,260501_fran_20_CFA_plate1_A10,Fran Gilis,Repeat 1 of TSB gradient experiment with all strains.,03.09.2024,BIOREADER,37,Y,N,ST mCherry:pGDPI CTX-M-15,TSB,0.2,TSB,None,0,None
260501_fran_20_CFA,260501_fran_20_CFA_plate1,260501_fran_20_CFA_plate1_A11,Fran Gilis,Repeat 1 of TSB gradient experiment with all strains.,03.09.2024,BIOREADER,37,Y,N,ST mCherry:pGDPI CAT,TSB,0.2,TSB,None,0,None
260501_fran_20_CFA,260501_fran_20_CFA_plate1,260501_fran_20_CFA_plate1_A12,Fran Gilis,Repeat 1 of TSB gradient experiment with all strains.,03.09.2024,BIOREADER,37,Y,N,EcN sfGFP,TSB,0.2,TSB,None,0,None
260501_fran_20_CFA,260501_fran_20_CFA_plate1,260501_fran_20_CFA_plate1_A2,Fran Gilis,Repeat 1 of TSB gradient experiment with all strains.,03.09.2024,BIOREADER,37,Y,N,EcN tdTomato,TSB,0.2,TSB,None,0,None
260501_fran_20_CFA,260501_fran_20_CFA_plate1,260501_fran_20_CFA_plate1_A3,Fran Gilis,Repeat 1 of TSB gradient experiment with all strains.,03.09.2024,BIOREADER,37,Y,N,EcN sfGFP:pGDPI CTX-M-15,TSB,0.2,TSB,None,0,None
260501_fran_20_CFA,260501_fran_20_CFA_plate1,260501_fran_20_CFA_plate1_A4,Fran Gilis,Repeat 1 of TSB gradient experiment with all strains.,03.09.2024,BIOREADER,37,Y,N,EcN sfGFP:pGDPI CAT,TSB,0.2,TSB,None,0,None
260501_fran_20_CFA,260501_fran_20_CFA_plate1,260501_fran_20_CFA_plate1_A5,Fran Gilis,Repeat 1 of TSB gradient experiment with all strains.,03.09.2024,BIOREADER,37,Y,N,EcN tdTomato:pGDPI CAT,TSB,0.2,TSB,None,0,None
260501_fran_20_CFA,260501_fran_20_CFA_plate1,260501_fran_20_CFA_plate1_A6,Fran Gilis,Repeat 1 of TSB gradient experiment with all strains.,03.09.2024,BIOREADER,37,Y,N,ST sfGFP:pGDPI:CTX-M-15,TSB,0.2,TSB,None,0,None
260501_fran_20_CFA,260501_fran_20_CFA_plate1,260501_fran_20_CFA_plate1_A7,Fran Gilis,Repeat 1 of TSB gradient experiment with all strains.,03.09.2024,BIOREADER,37,Y,N,EcN tdTomato:pGDPI CTX-M-15,TSB,0.2,TSB,None,0,None
260501_fran_20_CFA,260501_fran_20_CFA_plate1,260501_fran_20_CFA_plate1_A8,Fran Gilis,Repeat 1 of TSB gradient experiment with all strains.,03.09.2024,BIOREADER,37,Y,N,ST sfGFP,TSB,0.2,TSB,None,0,None
260501_fran_20_CFA,260501_fran_20_CFA_plate1,260501_fran_20_CFA_plate1_A9,Fran Gilis,Repeat 1 of TSB gradient experiment with all strains.,03.09.2024,BIOREADER,37,Y,N,ST sfGFP,TSB,0.2,TSB,None,0,None
260501_fran_20_CFA,260501_fran_20_CFA_plate1,260501_fran_20_CFA_plate1_B1,Fran Gilis,Repeat 1 of TSB gradient experiment with all strains.,03.09.2024,BIOREADER,37,Y,N,EcN tdTomato,TSB,0.2,TSB,None,0,None
260501_fran_20_CFA,260501_fran_20_CFA_plate1,260501_fran_20_CFA_plate1_B10,Fran Gilis,Repeat 1 of TSB gradient experiment with all strains.,03.09.2024,BIOREADER,37,Y,N,EcN tdTomato,TSB,0.2,TSB,None,0,None
260501_fran_20_CFA,260501_fran_20_CFA_plate1,260501_fran_20_CFA_plate1_B11,Fran Gilis,Repeat 1 of TSB gradient experiment with all strains.,03.09.2024,BIOREADER,37,Y,N,EcN tdTomato:pGDPI CAT,TSB,0.2,TSB,None,0,None
260501_fran_20_CFA,260501_fran_20_CFA_plate1,260501_fran_20_CFA_plate1_B12,Fran Gilis,Repeat 1 of TSB gradient experiment with all strains.,03.09.2024,BIOREADER,37,Y,N,ST mCherry:pGDPI CAT,TSB,0.2,TSB,None,0,None
260501_fran_20_CFA,260501_fran_20_CFA_plate1,260501_fran_20_CFA_plate1_B2,Fran Gilis,Repeat 1 of TSB gradient experiment with all strains.,03.09.2024,BIOREADER,37,Y,N,ST sfGFP:pGDPI CAT,TSB,0.2,TSB,None,0,None
260501_fran_20_CFA,260501_fran_20_CFA_plate1,260501_fran_20_CFA_plate1_B3,Fran Gilis,Repeat 1 of TSB gradient experiment with all strains.,03.09.2024,BIOREADER,37,Y,N,EcN sfGFP:pGDPI CAT,TSB,0.2,TSB,None,0,None
260501_fran_20_CFA,260501_fran_20_CFA_plate1,260501_fran_20_CFA_plate1_B4,Fran Gilis,Repeat 1 of TSB gradient experiment with all strains.,03.09.2024,BIOREADER,37,Y,N,ST mCherry:pGDPI CTX-M-15,TSB,0.2,TSB,None,0,None
260501_fran_20_CFA,260501_fran_20_CFA_plate1,260501_fran_20_CFA_plate1_B5,Fran Gilis,Repeat 1 of TSB gradient experiment with all strains.,03.09.2024,BIOREADER,37,Y,N,ST mCherry,TSB,0.2,TSB,None,0,None
260501_fran_20_CFA,260501_fran_20_CFA_plate1,260501_fran_20_CFA_plate1_B6,Fran Gilis,Repeat 1 of TSB gradient experiment with all strains.,03.09.2024,BIOREADER,37,Y,N,ST sfGFP,TSB,0.2,TSB,None,0,None
260501_fran_20_CFA,260501_fran_20_CFA_plate1,260501_fran_20_CFA_plate1_B7,Fran Gilis,Repeat 1 of TSB gradient experiment with all strains.,03.09.2024,BIOREADER,37,Y,N,ST mCherry:pGDPI CTX-M-15,TSB,0.2,TSB,None,0,None
260501_fran_20_CFA,260501_fran_20_CFA_plate1,260501_fran_20_CFA_plate1_B8,Fran Gilis,Repeat 1 of TSB gradient experiment with all strains.,03.09.2024,BIOREADER,37,Y,N,ST mCherry:pGDPI CAT,TSB,0.2,TSB,None,0,None
260501_fran_20_CFA,260501_fran_20_CFA_plate1,260501_fran_20_CFA_plate1_B9,Fran Gilis,Repeat 1 of TSB gradient experiment with all strains.,03.09.2024,BIOREADER,37,Y,N,EcN sfGFP,TSB,0.2,TSB,None,0,None
260501_fran_20_CFA,260501_fran_20_CFA_plate1,260501_fran_20_CFA_plate1_C1,Fran Gilis,Repeat 1 of TSB gradient experiment with all strains.,03.09.2024,BIOREADER,37,Y,N,EcN tdTomato:pGDPI CTX-M-15,TSB,0.2,TSB,None,0,None
260501_fran_20_CFA,260501_fran_20_CFA_plate1,260501_fran_20_CFA_plate1_C10,Fran Gilis,Repeat 1 of TSB gradient experiment with all strains.,03.09.2024,BIOREADER,37,Y,N,ST mCherry,TSB,0.2,TSB,None,0,None
260501_fran_20_CFA,260501_fran_20_CFA_plate1,260501_fran_20_CFA_plate1_C11,Fran Gilis,Repeat 1 of TSB gradient experiment with all strains.,03.09.2024,BIOREADER,37,Y,N,ST mCherry,TSB,0.2,TSB,None,0,None
260501_fran_20_CFA,260501_fran_20_CFA_plate1,260501_fran_20_CFA_plate1_C12,Fran Gilis,Repeat 1 of TSB gradient experiment with all strains.,03.09.2024,BIOREADER,37,Y,N,EcN sfGFP:pGDPI CAT,TSB,0.2,TSB,None,0,None
260501_fran_20_CFA,260501_fran_20_CFA_plate1,260501_fran_20_CFA_plate1_C2,Fran Gilis,Repeat 1 of TSB gradient experiment with all strains.,03.09.2024,BIOREADER,37,Y,N,ST mCherry:pGDPI CAT,TSB,0.2,TSB,None,0,None
260501_fran_20_CFA,260501_fran_20_CFA_plate1,260501_fran_20_CFA_plate1_C3,Fran Gilis,Repeat 1 of TSB gradient experiment with all strains.,03.09.2024,BIOREADER,37,Y,N,ST sfGFP:pGDPI CAT,TSB,0.2,TSB,None,0,None
260501_fran_20_CFA,260501_fran_20_CFA_plate1,260501_fran_20_CFA_plate1_C4,Fran Gilis,Repeat 1 of TSB gradient experiment with all strains.,03.09.2024,BIOREADER,37,Y,N,ST mCherry,TSB,0.2,TSB,None,0,None
260501_fran_20_CFA,260501_fran_20_CFA_plate1,260501_fran_20_CFA_plate1_C5,Fran Gilis,Repeat 1 of TSB gradient experiment with all strains.,03.09.2024,BIOREADER,37,Y,N,EcN sfGFP:pGDPI CTX-M-15,TSB,0.2,TSB,None,0,None
260501_fran_20_CFA,260501_fran_20_CFA_plate1,260501_fran_20_CFA_plate1_C6,Fran Gilis,Repeat 1 of TSB gradient experiment with all strains.,03.09.2024,BIOREADER,37,Y,N,ST sfGFP:pGDPI:CTX-M-15,TSB,0.2,TSB,None,0,None
260501_fran_20_CFA,260501_fran_20_CFA_plate1,260501_fran_20_CFA_plate1_C7,Fran Gilis,Repeat 1 of TSB gradient experiment with all strains.,03.09.2024,BIOREADER,37,Y,N,EcN sfGFP,TSB,0.2,TSB,None,0,None
260501_fran_20_CFA,260501_fran_20_CFA_plate1,260501_fran_20_CFA_plate1_C8,Fran Gilis,Repeat 1 of TSB gradient experiment with all strains.,03.09.2024,BIOREADER,37,Y,N,ST sfGFP:pGDPI:CTX-M-15,TSB,0.2,TSB,None,0,None
260501_fran_20_CFA,260501_fran_20_CFA_plate1,260501_fran_20_CFA_plate1_C9,Fran Gilis,Repeat 1 of TSB gradient experiment with all strains.,03.09.2024,BIOREADER,37,Y,N,ST mCherry:pGDPI CTX-M-15,TSB,0.2,TSB,None,0,None
260501_fran_20_CFA,260501_fran_20_CFA_plate1,260501_fran_20_CFA_plate1_D1,Fran Gilis,Repeat 1 of TSB gradient experiment with all strains.,03.09.2024,BIOREADER,37,Y,N,EcN tdTomato:pGDPI CTX-M-15,TSB,0.2,TSB,None,0,None
260501_fran_20_CFA,260501_fran_20_CFA_plate1,260501_fran_20_CFA_plate1_D10,Fran Gilis,Repeat 1 of TSB gradient experiment with all strains.,03.09.2024,BIOREADER,37,Y,N,EcN sfGFP:pGDPI CTX-M-15,TSB,0.2,TSB,None,0,None
260501_fran_20_CFA,260501_fran_20_CFA_plate1,260501_fran_20_CFA_plate1_D11,Fran Gilis,Repeat 1 of TSB gradient experiment with all strains.,03.09.2024,BIOREADER,37,Y,N,EcN sfGFP:pGDPI CTX-M-15,TSB,0.2,TSB,None,0,None
260501_fran_20_CFA,260501_fran_20_CFA_plate1,260501_fran_20_CFA_plate1_D12,Fran Gilis,Repeat 1 of TSB gradient experiment with all strains.,03.09.2024,BIOREADER,37,Y,N,EcN sfGFP:pGDPI CAT,TSB,0.2,TSB,None,0,None
260501_fran_20_CFA,260501_fran_20_CFA_plate1,260501_fran_20_CFA_plate1_D2,Fran Gilis,Repeat 1 of TSB gradient experiment with all strains.,03.09.2024,BIOREADER,37,Y,N,EcN tdTomato,TSB,0.2,TSB,None,0,None
260501_fran_20_CFA,260501_fran_20_CFA_plate1,260501_fran_20_CFA_plate1_D3,Fran Gilis,Repeat 1 of TSB gradient experiment with all strains.,03.09.2024,BIOREADER,37,Y,N,EcN sfGFP:pGDPI CAT,TSB,0.2,TSB,None,0,None
260501_fran_20_CFA,260501_fran_20_CFA_plate1,260501_fran_20_CFA_plate1_D4,Fran Gilis,Repeat 1 of TSB gradient experiment with all strains.,03.09.2024,BIOREADER,37,Y,N,EcN tdTomato:pGDPI CAT,TSB,0.2,TSB,None,0,None
260501_fran_20_CFA,260501_fran_20_CFA_plate1,260501_fran_20_CFA_plate1_D5,Fran Gilis,Repeat 1 of TSB gradient experiment with all strains.,03.09.2024,BIOREADER,37,Y,N,ST sfGFP,TSB,0.2,TSB,None,0,None
260501_fran_20_CFA,260501_fran_20_CFA_plate1,260501_fran_20_CFA_plate1_D6,Fran Gilis,Repeat 1 of TSB gradient experiment with all strains.,03.09.2024,BIOREADER,37,Y,N,EcN tdTomato:pGDPI CTX-M-15,TSB,0.2,TSB,None,0,None
260501_fran_20_CFA,260501_fran_20_CFA_plate1,260501_fran_20_CFA_plate1_D7,Fran Gilis,Repeat 1 of TSB gradient experiment with all strains.,03.09.2024,BIOREADER,37,Y,N,ST sfGFP:pGDPI:CTX-M-15,TSB,0.2,TSB,None,0,None
260501_fran_20_CFA,260501_fran_20_CFA_plate1,260501_fran_20_CFA_plate1_D8,Fran Gilis,Repeat 1 of TSB gradient experiment with all strains.,03.09.2024,BIOREADER,37,Y,N,EcN tdTomato:pGDPI CAT,TSB,0.2,TSB,None,0,None
260501_fran_20_CFA,260501_fran_20_CFA_plate1,260501_fran_20_CFA_plate1_D9,Fran Gilis,Repeat 1 of TSB gradient experiment with all strains.,03.09.2024,BIOREADER,37,Y,N,ST sfGFP:pGDPI CAT,TSB,0.2,TSB,None,0,None
260501_fran_20_CFA,260501_fran_20_CFA_plate1,260501_fran_20_CFA_plate1_E1,Fran Gilis,Repeat 1 of TSB gradient experiment with all strains.,03.09.2024,BIOREADER,37,Y,N,EcN sfGFP:pGDPI CTX-M-15,TSB,0.2,TSB,None,0,None
260501_fran_20_CFA,260501_fran_20_CFA_plate1,260501_fran_20_CFA_plate1_E10,Fran Gilis,Repeat 1 of TSB gradient experiment with all strains.,03.09.2024,BIOREADER,37,Y,N,EcN tdTomato:pGDPI CTX-M-15,TSB,0.2,TSB,None,0,None
260501_fran_20_CFA,260501_fran_20_CFA_plate1,260501_fran_20_CFA_plate1_E11,Fran Gilis,Repeat 1 of TSB gradient experiment with all strains.,03.09.2024,BIOREADER,37,Y,N,ST sfGFP:pGDPI:CTX-M-15,TSB,0.2,TSB,None,0,None
260501_fran_20_CFA,260501_fran_20_CFA_plate1,260501_fran_20_CFA_plate1_E12,Fran Gilis,Repeat 1 of TSB gradient experiment with all strains.,03.09.2024,BIOREADER,37,Y,N,EcN tdTomato:pGDPI CAT,TSB,0.2,TSB,None,0,None
260501_fran_20_CFA,260501_fran_20_CFA_plate1,260501_fran_20_CFA_plate1_E2,Fran Gilis,Repeat 1 of TSB gradient experiment with all strains.,03.09.2024,BIOREADER,37,Y,N,EcN tdTomato,TSB,0.2,TSB,None,0,None
260501_fran_20_CFA,260501_fran_20_CFA_plate1,260501_fran_20_CFA_plate1_E3,Fran Gilis,Repeat 1 of TSB gradient experiment with all strains.,03.09.2024,BIOREADER,37,Y,N,EcN sfGFP,TSB,0.2,TSB,None,0,None
260501_fran_20_CFA,260501_fran_20_CFA_plate1,260501_fran_20_CFA_plate1_E4,Fran Gilis,Repeat 1 of TSB gradient experiment with all strains.,03.09.2024,BIOREADER,37,Y,N,ST mCherry:pGDPI CAT,TSB,0.2,TSB,None,0,None
260501_fran_20_CFA,260501_fran_20_CFA_plate1,260501_fran_20_CFA_plate1_E5,Fran Gilis,Repeat 1 of TSB gradient experiment with all strains.,03.09.2024,BIOREADER,37,Y,N,ST mCherry,TSB,0.2,TSB,None,0,None
260501_fran_20_CFA,260501_fran_20_CFA_plate1,260501_fran_20_CFA_plate1_E6,Fran Gilis,Repeat 1 of TSB gradient experiment with all strains.,03.09.2024,BIOREADER,37,Y,N,ST sfGFP:pGDPI CAT,TSB,0.2,TSB,None,0,None
260501_fran_20_CFA,260501_fran_20_CFA_plate1,260501_fran_20_CFA_plate1_E7,Fran Gilis,Repeat 1 of TSB gradient experiment with all strains.,03.09.2024,BIOREADER,37,Y,N,ST mCherry:pGDPI CTX-M-15,TSB,0.2,TSB,None,0,None
260501_fran_20_CFA,260501_fran_20_CFA_plate1,260501_fran_20_CFA_plate1_E8,Fran Gilis,Repeat 1 of TSB gradient experiment with all strains.,03.09.2024,BIOREADER,37,Y,N,ST sfGFP:pGDPI CAT,TSB,0.2,TSB,None,0,None
260501_fran_20_CFA,260501_fran_20_CFA_plate1,260501_fran_20_CFA_plate1_E9,Fran Gilis,Repeat 1 of TSB gradient experiment with all strains.,03.09.2024,BIOREADER,37,Y,N,ST sfGFP,TSB,0.2,TSB,None,0,None
